[
    {"loren": "loren", "loren1": "loren", "loren2": "loren", "loren3": "loren", "loren4": "loren", "loren5": "loren", "loren6": "loren"},
    {"loren": "loren", "loren1": "loren", "loren2": "loren", "loren3": "loren", "loren4": "loren", "loren5": "loren", "loren6": "loren"},
    {"loren": "loren", "loren1": "loren", "loren2": "loren", "loren3": "loren", "loren4": "loren", "loren5": "loren", "loren6": "loren"},
    {"loren": "loren", "loren1": "loren", "loren2": "loren", "loren3": "loren", "loren4": "loren", "loren5": "loren", "loren6": "loren"},
    {"loren": "loren", "loren1": "loren", "loren2": "loren", "loren3": "loren", "loren4": "loren", "loren5": "loren", "loren6": "loren"},
    {"loren": "loren", "loren1": "loren", "loren2": "loren", "loren3": "loren", "loren4": "loren", "loren5": "loren", "loren6": "loren"},
    {"loren": "loren", "loren1": "loren", "loren2": "loren", "loren3": "loren", "loren4": "loren", "loren5": "loren", "loren6": "loren"},
    {"loren": "loren", "loren1": "loren", "loren2": "loren", "loren3": "loren", "loren4": "loren", "loren5": "loren", "loren6": "loren"},
    {"loren": "loren", "loren1": "loren", "loren2": "loren", "loren3": "loren", "loren4": "loren", "loren5": "loren", "loren6": "loren"},
    {"loren": "loren", "loren1": "loren", "loren2": "loren", "loren3": "loren", "loren4": "loren", "loren5": "loren", "loren6": "loren"},
    {"loren": "loren", "loren1": "loren", "loren2": "loren", "loren3": "loren", "loren4": "loren", "loren5": "loren", "loren6": "loren"}
    
   

    
  ]